x,z_original,z_tilt_corrected,waviness_component,z_corrected
0.0,61.53758464,0.10802512124510284,0.018744391354723056,0.0891927069262027
0.25,61.48528344,0.055736300869487505,0.019441965711529858,0.03620631219378055
0.5,61.55676174,0.12722698049385567,0.022453921872859512,0.10468503565681907
0.75,61.54978825,0.12026587011823549,0.02229655892962106,0.09788128822443734
1.0,61.54455813,0.11504812974260799,0.02194945997272356,0.09301064680570734
1.25,61.46784971,0.038352089366992144,0.02249034663853068,0.01577371976428437
1.5,61.36324732,-0.06623792100863173,0.021383403290678817,-0.08770934726348764
1.75,61.32489312,-0.10457974138425956,0.01881881629280436,-0.12348658064124102
2.0,61.37196419,-0.05749629175987852,0.018124843281270786,-0.0757091580053264
2.25,61.52363765,0.09418954786449203,0.020030531346987353,0.07407099355332758
2.5,61.47133646,0.04190073748887752,0.026532835035408403,0.015279879489292028
2.75,61.45913285,0.0297095071132571,0.02713981798289787,0.0024816661661821392
3.0,61.36324732,-0.06616364326237405,0.025116342553091968,-0.0913680087796431
3.25,61.48354007,0.05414148636200306,0.024614806564172406,0.029438656833653563
3.5,61.53932801,0.10994180598637766,0.02221185910704853,0.08764192391515205
3.75,61.52015091,0.09077708561075722,0.017400337090810982,0.07328872555576914
4.0,61.56024849,0.13088704523513822,0.01651977942455077,0.11427924284641036
4.25,61.42077864,-0.008570425140486608,0.016463811744631532,-0.025122259849295232
4.5,61.23075097,-0.198585715516106,0.015203781869235017,-0.2138775203495181
4.75,61.38242443,-0.046899875891735436,0.012612899252906968,-0.0596007981088195
5.0,61.42775213,-0.001559796267354189,0.012970352077465153,-0.014618171308996434
5.25,61.51317741,0.08387786335702115,0.0146278605247281,0.06916197986811595
5.5,61.45041598,0.021128812981399077,0.015366586231059265,0.005674203786162721
5.75,61.34058347,-0.08869131739422502,0.013157876469185814,-0.10193721682758793
6.0,61.43472562,0.005463212230158062,0.010949616875471767,-0.005574427609490795
6.25,61.44169911,0.012449081854530815,0.008773505086280352,0.003587553804073372
6.5,61.35453046,-0.07470718852109175,0.008563100556157246,-0.08335831204142609
6.75,61.47307983,0.043854561103284735,0.008353146194193275,0.03541339194491437
7.0,61.51143404,0.08222115072765886,0.004783686364024809,0.07734944139945696
7.25,61.52015091,0.09095040035203934,0.003528158352038129,0.08733421903582413
7.5,61.43298225,0.0037941199764159406,0.0013850948855060894,0.00232100212673276
7.75,61.41554852,-0.013627230399204708,-0.0022477602173896416,-0.011467493145992156
8.0,61.37022082,-0.058942550774833395,-0.006799848411194365,-0.05223072532781612
8.25,61.38939792,-0.03975307115045328,-0.00906970260499926,-0.030771391509631117
8.5,61.37196419,-0.05717442152607393,-0.004714738980622254,-0.05254770550962877
8.75,61.38939792,-0.03972831190170072,0.002334528461936526,-0.04215086332781434
9.0,61.48702682,0.057912967722675686,0.009352098268131673,0.04847284649036692
9.25,61.58814246,0.1590409873470517,0.011202944074327037,0.14775002030854756
9.5,61.45390273,0.02481363697143419,0.01131041678961299,0.01341519721764411
9.75,61.44867261,0.019595896595813796,0.008311515504898961,0.011196358126737744
10.0,61.49225694,0.06319260622018104,0.003537543492912287,0.05956703976309166
10.25,61.40683165,-0.02222030415543546,-0.0025043363372561234,-0.01980399078235643
10.5,61.21854735,-0.21049222453106214,-0.010352984712879015,-0.20022726278236022
10.75,61.31443288,-0.11459431490668552,-0.012844722906683802,-0.10183761496417881
11.0,61.4556461,0.026631284717698774,-0.012927436373215907,0.03947069812673759
11.25,61.40160153,-0.027400905657930567,-0.011869032930656937,-0.015619895691450721
11.5,61.38068106,-0.048308996033550815,-0.008940465669916355,-0.039456553327811554
11.75,61.39114129,-0.03783638640917846,-0.009657132954630164,-0.02826727641872539
12.0,61.41554852,-0.013416776784797295,-0.012085475693889618,-0.0014193240550847684
12.25,61.40334491,-0.025608007160417716,-0.010298025160421654,-0.015398004964173153
12.5,61.34581359,-0.08312694753604748,-0.00914452862695372,-0.07407044187327085
12.75,61.42252201,-0.006406147911664876,-0.010304963548031306,0.0038107926721893397
13.0,61.4294955,0.0005797217127078778,-0.011782375378199806,0.012274074126730592
13.25,61.54455813,0.11565473133708477,-0.010058320299277432,0.1256250286721851
13.5,61.47307983,0.044188810961469156,-0.00532298449308224,0.0494237724903743
13.75,61.34058347,-0.08829516941416275,-0.0025529055959778906,-0.08583028678236196
14.0,61.41554852,-0.013317739789779952,-0.001019036698873578,-0.012386726055083465
14.25,61.43821237,0.009358489834593482,-0.0022428672563146908,0.011513334126731082
14.5,61.34930034,-0.0795411605410297,-0.00150144072284677,-0.07812774278236002
14.75,61.2935124,-0.13531672091665176,-0.00025285109846986866,-0.13515189278235898
15.0,61.34232685,-0.08648989129227717,0.00153459925318003,-0.0881125135096343
15.25,61.60208944,0.17328507833210377,0.0024028166957388757,0.1707942386721878
15.5,61.71192195,0.2831299679564733,0.003429522501934082,0.27961242249036217
15.75,61.75724965,0.3284700475808546,0.0032517159444928802,0.3251303086721846
16.0,61.62475329,0.19598606720523687,0.0021863739325063214,0.19371167030855346
16.25,61.47656658,0.04781173682960511,-8.348044311651606e-05,0.047807194308544534
16.5,61.2935124,-0.13523006354601425,0.0011334115448967527,-0.13645149805508808
16.75,61.09999798,-0.32873210392164115,0.0028891642601827612,-0.331709291146001
17.0,61.1505558,-0.2781619042972597,0.0030917298845597437,-0.2813416571459965
17.25,61.10697147,-0.32173385467288146,0.0032625980543912886,-0.3250844756914498
17.5,61.38242443,-0.04626851504850609,0.005430420951495636,-0.05178695896417882
17.75,61.55501837,0.12633780457587246,0.003350752757690865,0.1228990288540045
18.0,61.47830995,0.04964176420025663,-0.0025009408906594872,0.05205468212673903
18.25,61.39114129,-0.03751451617537387,-0.00074518817537348,-0.036857350964177485
18.5,61.34232685,-0.08631657655099505,0.0010105645399125277,-0.08741516405508466
18.75,61.2935124,-0.13511864692662418,-0.0007204289266194985,-0.13448624096418177
19.0,61.61080631,0.18218764269775928,-0.002166143302242565,0.18426576303582476
19.25,61.51317741,0.08457112232213544,-0.005386928405138283,0.08987002776309663
19.5,61.27607867,-0.15251523805349226,-0.006452270235306777,-0.14615099078236257
19.75,61.35278709,-0.07579443842910964,-0.003523702792747997,-0.07235875860053874
20.0,61.53584126,0.10727211119526144,0.0006410746498109483,0.1065430135812734
20.25,61.61429305,0.18573628081964383,0.004235293546915198,0.18141296430855153
20.5,61.62475329,0.19620890044402411,0.008526861716746617,0.18759401576310042
20.75,61.59511595,0.1665839400683961,0.013864453886578209,0.15263146321764082
21.0,61.45215935,0.023639719692777957,0.01983599987459151,0.003715696854009355
21.25,61.47307983,0.04457257931715159,0.024159265680786815,0.020325290672187683
21.5,61.48354007,0.05504519894152477,0.02620029766880024,0.02875687830854744
21.75,61.46784971,0.03936721856591103,0.029350748929540968,0.00992844667219297
22.0,61.436469,0.007998888190283222,0.02299189219028177,-0.015081026964175638
22.25,61.42775213,-0.0007056021853375984,0.013146289269204145,-0.013939914418718835
22.5,61.37893768,-0.04950767256096671,0.020068765984490457,-0.06966446150963426
22.75,61.42775213,-0.000680842936585039,0.011269186881594812,-0.012038052782356942
23.0,61.46261959,0.03419899668779575,0.004529957960517295,0.029581015763101366
23.25,61.52015091,0.09174269631216388,0.0020382197667126387,0.08961645358127415
23.5,61.54455813,0.11616229593654422,0.0027479486638169286,0.11332632430855019
23.75,61.50271717,0.07433371556091513,0.00589839992455779,0.06834729267218025
24.0,61.41554852,-0.012822554814700342,0.007685850458025758,-0.02059642823690319
24.25,61.33709673,-0.09126196519032308,0.015686048809675484,-0.10703603696417566
24.5,61.19937025,-0.22897606556594813,0.01433542752496164,-0.24339951605508686
24.75,61.13312207,-0.2952118659415706,0.00902259460388416,-0.30432248350963187
25.0,61.49748705,0.06916549368279985,0.006752740410079266,0.06232473030854349
25.25,61.47656658,0.0482574033071796,0.004229304579910844,0.04394007576309166
25.5,61.29525577,-0.13304102706843995,0.003956404931560549,-0.1370854549641776
25.75,61.33535335,-0.09293106744406603,0.006060832374119559,-0.09907992278236268
26.0,61.22552085,-0.2027511878196822,0.0038226758166782946,-0.2066618866005376
26.25,61.28653891,-0.1417207481953145,0.0019014961683280814,-0.14371026732781966
26.5,61.58291234,0.15466506142906805,0.004513086519977876,0.1500639519449131
26.75,61.65787738,0.22964248105345003,0.005761676144354903,0.22379278194491803
27.0,61.74155929,0.31333677067781845,0.0029529612232775254,0.3102957864903638
27.25,61.7084352,0.2802250603021971,-0.00036291678870909155,0.2804999541267291
27.5,61.63347016,0.2052723999265748,-0.004946702618877574,0.2101310795812753
27.75,61.74330267,0.3151172895509515,-0.007818812994500542,0.3228480795812749
28.0,61.67531111,0.24713810917533546,-0.005967967188305443,0.2530180533994638
28.25,61.46087622,0.032715598799708485,-0.004370702836655671,0.036998278672187065
28.5,61.46610634,0.037958098424088545,-0.004294927757733218,0.04216500321764467
28.75,60.99190885,-0.4362270119515333,-0.004853106496992603,-0.4314619284187178
29.0,61.0599004,-0.36822308232716555,-0.005442983054433813,-0.36286812223690884
29.25,62.09197729,0.6638661872972205,-0.005715882702784108,0.6694940470358275
29.5,61.27259192,-0.15550680307840598,-0.0057352007147706205,-0.14985962532781244
29.75,61.25341482,-0.17467152345402642,-0.00610319345403001,-0.1686563529641735
30.0,61.3388401,-0.08923386382965108,-0.0073904192841985185,-0.08193146750962965
30.25,61.33186661,-0.09619497420527838,-0.01054780911436697,-0.08573518805508851
30.5,61.27259192,-0.15545728458089375,-0.014022175671808147,-0.1415231318732627
30.75,61.2481847,-0.17985212495652153,-0.015150912956521842,-0.16478923496417677
31.0,61.5463015,0.11827705466785372,-0.017420767332144933,0.13560979903582157
31.25,61.30745938,-0.12055268570776749,-0.018549504798676956,-0.10209120387326763
31.5,61.26213168,-0.16586800608338909,-0.014891890447027245,-0.15106413860053894
31.75,61.35278709,-0.07520021645901269,-0.00822299518628665,-0.06706524423690313
32.0,61.25167144,-0.17630348683463698,-0.00783024319827315,-0.1685612666005409
32.25,61.32663649,-0.10132605721026126,-0.010543865210259762,-0.09087021496417859
32.5,61.40857503,-0.019375137585878437,-0.008566228494973604,-0.010896932055081923
32.75,61.48702682,0.05908903203848976,-0.005701056325142088,0.06470206539945475
33.0,61.40683165,-0.021093758337126504,-0.0004902550644015503,-0.02069152623690205
33.25,61.41903526,-0.008877768712753524,0.005449593105430178,-0.014415384782360792
33.5,61.42077864,-0.0071220090883730635,0.005905740366170814,-0.013115772418720967
33.75,61.38068106,-0.04720720946399442,0.0027483507178204247,-0.050043583145991936
34.0,61.43123888,0.0033629901603799495,-0.0017720396578024648,0.005047006854005324
34.25,61.37196419,-0.055899320215242514,-0.005309801669789098,-0.05067754150963051
34.5,61.436469,0.008617869409132735,-0.0071992836817756835,0.015729130126731328
34.75,61.55327499,0.1254362390335086,-0.012924186602853178,0.13827240267218469
35.0,61.56024849,0.13242211865788928,-0.01766646097847622,0.1500005566721884
35.25,61.48702682,0.05921282828225966,-0.019175570626826424,0.07830037594490899
35.5,61.436469,0.008667387906644959,-0.020969959547904038,0.029549324490371905
35.75,61.40334491,-0.024444322468983475,-0.0157591582871635,-0.008773187145997065
36.0,61.41206177,-0.015715082844603816,-0.010833636299150115,-0.004969469509630791
36.25,61.37719431,-0.050570163220224944,-0.023785613220227722,-0.026872572964174314
36.5,61.40683165,-0.020920443595851483,-0.022220046686759778,0.0012115801267312035
36.75,61.39114129,-0.03659842397147233,-0.020242410153291944,-0.01644403678235748
37.0,61.34581359,-0.08191374434710101,-0.018993820528914917,-0.06300794678236318
37.25,61.35278709,-0.07492786472272032,-0.01501922926817429,-0.05999665841872313
37.5,61.43995574,0.012253164901661902,-0.011773684916524592,0.0239388268540094
37.75,61.29002565,-0.1376645454739705,-0.007862489110329296,-0.1298900793278183
38.0,61.27433529,-0.15334252584958424,-0.009656878031406786,-0.14377367078235456
38.25,61.39985816,-0.027807276225214,-0.00932752131612068,-0.01856777787327041
38.5,61.49923043,0.07157737339916222,-0.007413280055380116,0.07890263049036524
38.75,61.51840753,0.09076685302354233,-0.006893737340094017,0.09757256739945926
39.0,61.32663649,-0.10099180735208395,-0.0019682151702624384,-0.0991116151459986
39.25,61.40334491,-0.024271007727701348,0.000928654454114641,-0.025287685145993083
39.5,61.49225694,0.06465340189666731,0.0011946155330370858,0.06337076339945313
39.75,61.51143404,0.08384288152104742,0.0006681342483232696,0.08308672430854706
40.0,61.61254968,0.18497090114543052,0.0008390024181548173,0.1840438757630986
40.25,61.60731956,0.17975316076980302,0.0007562889516228419,0.1789088488540031
40.5,61.48354007,0.05598605039417887,0.005681810939636224,0.050216216490365555
40.75,61.49225694,0.06471530001855937,0.009149239109467746,0.05547803794491453
41.0,61.51317741,0.08564814964293217,0.010746503279299194,0.07481362339945588
41.25,61.52886777,0.10135088926731269,0.01300941908549431,0.08825344721764128
41.5,61.42775213,0.00024762889168922984,0.010485983255325893,-0.010326377327813755
41.75,61.41380514,-0.013686981483931819,0.004887871243339321,-0.018662875691448234
42.0,61.37719431,-0.05028543185955275,-0.00036156622319282817,-0.05001188860053701
42.25,61.36673407,-0.060733292235180474,-0.0026314205988157923,-0.058189894600541775
42.5,61.27782204,-0.14963294261080368,-0.004774484247166158,-0.14494648132781462
42.75,61.33012323,-0.0973193729864295,-0.005427756259152705,-0.09197963969145388
43.0,61.37893768,-0.04849254336204783,-0.004908213543866608,-0.043672352782358315
43.25,61.3580172,-0.0694006437376689,-0.00369132155585321,-0.06579734514599278
43.5,61.36150395,-0.06590151411329574,-0.003774035022385316,-0.06221550205508752
43.75,61.40683165,-0.020561434488914503,-0.0023035613980082665,-0.018345896055083327
44.0,61.54978825,0.12240754513545622,-0.0002625294099947162,0.12258205158127385
44.25,61.45041598,0.02304765475983967,-0.0008841037856177577,0.023843735581280338
44.5,61.46261959,0.03526364438421976,-0.0018226548885135214,0.036998276308556184
44.75,61.44692923,0.019585664008591804,0.0006938425540455053,0.018803798490369207
45.0,61.32489312,-0.10243806636703172,0.003178642360240639,-0.10570473169144945
45.25,61.36673407,-0.06058473674265801,0.00262046343916319,-0.06329322314599829
45.5,61.38068106,-0.0466253671182773,0.0028230292453583702,-0.04953641932781276
45.75,61.52189428,0.0946002325060999,0.0013456174151899951,0.09316659212673281
46.0,61.48528344,0.05800177213047814,0.003576835585021737,0.05433691358127931
46.25,61.42252201,-0.004747278245143919,0.0035258197548532653,-0.008361120964174275
46.5,61.45738947,0.030132561379229768,0.0011608722883213341,0.028883666126731343
46.75,61.41554852,-0.011696008996391387,-0.0022500989963925725,-0.009533932964175906
47.0,61.41380514,-0.013427009372012182,-0.005534279372015556,-0.007980752964173716
47.25,61.69100147,0.26378170025236297,-0.009674297565820266,0.27336797485400616
47.5,61.57070873,0.14350133987673924,-0.011436988850534124,0.15485030576309627
47.75,61.51840753,0.09121251950110972,-0.013643447771611627,0.10476794430854425
48.0,61.49574368,0.06856104912548884,-0.014898975783598176,0.08337200194490993
48.25,61.29699915,-0.13017110125013037,-0.01564734070467575,-0.11461178350963172
48.5,61.24469795,-0.1824599216257528,-0.014842518716662237,-0.16770542587326767
48.75,61.27084855,-0.15629694200137895,-0.012230928183194373,-0.14415403678236166
49.0,61.36150395,-0.06562916237700338,-0.01015819855881745,-0.05555898678236302
49.25,61.31791962,-0.10920111275262516,-0.00871942275262223,-0.10056971296418002
49.5,61.36673407,-0.06037428312824349,-0.007058763128245188,-0.0534035429641754
49.75,61.43995574,0.012859766496131582,-0.007173174231140795,0.019944917763095284
50.0,61.44344249,0.01635889612051184,-0.007794748424945642,0.02406562158128039
50.25,61.40160153,-0.025469684255117246,-0.006641251709659511,-0.018916455509634826
50.5,61.47133646,0.044277625369265335,-0.004727010448918817,0.04891661285400706
50.75,61.45738947,0.030343014993644286,-0.0034784208245417897,0.033733412854008986
51.0,61.31791962,-0.10911445538198765,-0.006096949745619175,-0.10310552860054556
51.25,61.38765455,-0.039367145757605075,-0.0075109663030604144,-0.03194420241872176
51.5,61.42775213,0.0007428138667759452,-0.007847261224137973,0.008502052126736827
51.75,61.4103184,-0.01667853650885181,-0.006440183054306517,-0.010326376418722383
52.0,61.36847744,-0.05850711688447379,-0.004240662702656734,-0.054354477145994146
52.25,61.50969067,0.08271849273989713,-0.0031505614419159366,0.08578103121763597
52.5,61.436469,0.009509202364281717,-0.0025676234539025733,0.0119888028540072
52.75,61.44867261,0.021725191988661803,-0.0028722207386165,0.02450938976310121
53.0,61.39985816,-0.02707687838696731,-0.0026696549324214496,-0.024495246418722954
53.25,61.36150395,-0.06541870876258886,-0.00376669458077177,-0.06174003714599418
53.5,61.32314974,-0.10376053913821752,-0.008160294229121935,-0.09568826787327267
53.75,61.43123888,0.0043409804861664425,-0.00824300769565404,0.012495965217643392
54.0,61.37893768,-0.047947839889455994,-0.007533278798549752,-0.040502584055083335
54.25,61.38591117,-0.04096197026508324,-0.012877809355990996,-0.028172183873269335
54.5,61.37022082,-0.05663994064070326,-0.015591431367977606,-0.04113653223690275
54.75,61.44344249,0.016594108983671814,-0.01798807647087317,0.034494162490367894
55.0,61.48702682,0.060190818608046155,-0.02127225684649615,0.08137505249036521
55.25,61.47133646,0.04451283823243241,-0.01542750176757365,0.05985231703582897
55.5,61.55676174,0.12995049785680063,-0.011167631234105736,0.14103010612672928
55.75,61.49051356,0.06371469748117815,-0.007541714700637725,0.07116838921763878
56.0,61.44518586,0.018399377105556565,-0.005152007985351556,0.02346336212673103
56.25,61.36847744,-0.05829666327006638,-0.002286835997338108,-0.05609785023690536
56.5,61.32314974,-0.10361198364568795,-0.00157710710023382,-0.10212289950963123
56.75,61.34407022,-0.08267912402131432,-0.003086216748584024,-0.0796809302369074
57.0,61.42077864,-0.005958324396931717,-0.004785512578752546,-0.0012608347823562615
57.25,61.46610634,0.03938175522744242,-0.0061678313180118256,0.045461563581277155
57.5,61.4748232,0.04811099485182208,-0.008944848784544029,0.056967820672189015
57.75,61.40508828,-0.021611545523800006,-0.010549051523803456,-0.011150516964173641
58.0,61.37196419,-0.05472325589942844,-0.00876160099033536,-0.046049677873270176
58.25,61.44344249,0.01676742372495394,-0.0094782682750493,0.02615766903582615
58.5,61.52363765,0.09697496334932194,-0.011589634105217836,0.10847657449036269
58.75,61.44518586,0.0185355529737063,-0.013003650662659075,0.031451180672188286
59.0,61.42600876,-0.0006291674019141471,-0.012484107947372976,0.011766917581281738
59.25,61.41206177,-0.014563777777542301,-0.01453207850481399,-0.00011972223690540286
59.5,61.50446055,0.07784738184683389,-0.015343839062255223,0.09310319794491202
59.75,61.49574368,0.06914289147120596,-0.015933715619696434,0.0849885841267253
60.0,61.36150395,-0.06508445890441154,-0.016270010540773996,-0.04890247132781464
60.25,61.21506061,-0.21151541928002932,-0.013182954734578855,-0.19842048750962754
60.5,61.4103184,-0.01624524965565715,-0.0105396665647471,-0.005793606055087141
60.75,61.45215935,0.02560807996872367,-0.010400496213097382,0.03592055321764396
61.0,61.39637141,-0.03016748040690547,-0.009246999679629449,-0.021008503691453115
61.25,61.42077864,-0.005747870782524304,-0.008093502964343316,0.0022576092176419212
61.5,61.38591117,-0.04060296115814626,-0.0073837740672390295,-0.03330721005508432
61.75,61.31443288,-0.11206887153377525,0.00010926119350172271,-0.11226615569145407
62.0,61.6177798,0.1912904280906073,0.00047031536333326344,0.19073208976309697
62.25,61.47830995,0.05183295771498248,-0.00037314283047160113,0.05211807758127699
62.5,61.46959308,0.04312846733936166,-0.002738090115185464,0.04577853449037003
62.75,61.49225694,0.06580470696373593,-0.004342292854444764,0.0700589768540036
63.0,61.4748232,0.04838334658811445,-0.007372891775522294,0.055668215399459646
63.25,61.40508828,-0.021339193787507642,-0.007867675242054409,-0.013559541509630324
63.5,61.35627383,-0.07014126416312964,-0.007094550890404658,-0.06313473623690208
63.75,61.34930034,-0.07710237453875694,-0.00714556672057313,-0.0700448307823609
64.0,61.32489312,-0.10149721491437762,-0.009003351096196212,-0.0925818867823585
64.25,61.31791962,-0.10845833529000574,-0.01044906547181915,-0.09809729278236369
64.5,61.36847744,-0.05788813566562428,-0.01021480184744227,-0.0477613567823591
64.75,61.41554852,-0.010804676041242404,-0.007476420586701679,-0.003416278418717817
65.0,61.34755697,-0.07878384641687179,-0.002645991507779194,-0.07622587787326969
65.25,61.31094613,-0.11538230679249355,6.069193477956439e-05,-0.1155310216914502
65.5,61.33186661,-0.09444944716811991,-0.0004974868044796896,-0.09403998332781732
65.75,61.39637141,-0.029932267543738393,-0.0024503640891936672,-0.02756992641872182
66.0,61.39637141,-0.02991988791935856,-0.0031353337375439744,-0.02687257714599168
66.25,61.39114129,-0.03513762829498606,-0.003091256476803351,-0.0321343947823598
66.5,61.41554852,-0.010718018670604894,-0.008435787034244465,-0.00237025460053752
66.75,61.38068106,-0.04557309904623313,-0.009089058864412686,-0.036572063145997535
67.0,61.53061114,0.1043693605781439,-0.007460096876399277,0.11174143449036608
67.25,61.46784971,0.04162031020252894,-0.002280993252022372,0.043813280490374217
67.5,61.43821237,0.011995349826900932,-0.001856543627645241,0.013763870490369081
67.75,61.44169911,0.015494469451280364,0.00012109308764078619,0.015285353399462487
68.0,61.44867261,0.022480349075653945,0.0018768459847451208,0.020515480126731732
68.25,61.40857503,-0.01760485129996741,0.002713365609122137,-0.02040623987326664
68.5,61.85487855,0.42871104832441315,0.003328001415317328,0.42529502394491875
68.75,61.50620392,0.0800487979487809,0.005337335585149049,0.07462343939945476
69.0,61.42426538,-0.0018773624268351643,0.0033844583004350726,-0.005349843691447327
69.25,61.42600876,-0.00012160280246181002,0.005235304106630303,-0.005444929873269204
69.5,61.40160153,-0.024516453178083313,0.007117847731007237,-0.03172232387326764
69.75,61.27782204,-0.14828356355370748,0.00751059953720241,-0.15588218605508697
70.0,61.34058347,-0.08550975392933284,0.0073644907979431695,-0.0929622676914531
70.25,61.3649907,-0.06109014430495168,0.009500615876865556,-0.07067878314599432
70.5,61.34058347,-0.08548499468058028,0.009893367864878926,-0.09546638550963629
70.75,61.31791962,-0.10813646505620116,0.009335188943801346,-0.1175596769641796
71.0,61.38591117,-0.04013253543181921,0.01045698765908745,-0.050677546055083754
71.25,61.48702682,0.06099549419255052,0.012054252010737353,0.04885321921763608
71.5,61.55501837,0.12899942381693247,0.0129224694532962,0.11598893139945918
71.75,61.63695691,0.2109503434413082,0.011730336714036785,0.19913198376309432
72.0,61.5916292,0.1656350130656858,0.010950273974777384,0.15459671612673132
72.25,61.49225694,0.06627513269006298,0.010677374326427088,0.0555097353994588
72.5,61.33709673,-0.08887269768556254,0.009358450859895203,-0.09831917150963483
72.75,61.38765455,-0.03830249806118107,0.007595759756999413,-0.04598628078235758
73.0,61.41380514,-0.012139528436808038,0.004565160835921886,-0.016792712236907016
73.25,61.20983049,-0.21610179881242747,0.00666958827848064,-0.2228594100550852
73.5,61.45913285,0.03321294081195387,0.007823084811948574,0.025301833035828204
73.75,61.45041598,0.02450845043632594,0.00777206898178023,0.01664835849036862
74.0,61.49923043,0.07333528006070052,0.003917330060702677,0.06932992703582075
74.25,61.43298225,0.007099479685085127,0.0012037080487159388,0.005807748672192098
74.5,61.56024849,0.13437809930945516,-0.0007174715996344071,0.13500754794491246
74.75,61.49225694,0.06639892893383288,-0.003367698157075683,0.06967860412673148
75.0,61.46610634,0.04026070855821157,-0.0005659216236076989,0.04073860721764218
75.25,61.41903526,-0.006797991817410635,0.0009996449098601179,-0.007885659691447843
75.5,61.42426538,-0.0015554921930305756,-0.00675391037485381,0.0051103952176461435
75.75,61.50969067,0.08388217743133848,-0.00896036929593131,0.0927545237630927
76.0,61.57942559,0.15362947705572022,-0.010247594944281624,0.16378904903582475
76.25,61.5724521,0.14666836668009292,-0.012961216956268234,0.15954156067218406
76.5,61.51317741,0.08740605630447047,-0.013677884240982173,0.10099591758127555
76.75,61.46610634,0.04034736592885619,-0.012682876071150602,0.0529422190358297
77.0,61.52189428,0.09614768555322369,-0.012765589537682708,0.1088252521267293
77.25,61.37719431,-0.04853990482239428,-0.012531326095123894,-0.036096601691447475
77.5,61.31791962,-0.10780221519802384,-0.011599713379837655,-0.09629052478236327
77.75,61.38591117,-0.039798285573641894,-0.009146611391824218,-0.030739697145994768
78.0,61.40508828,-0.020608795949260954,-0.007771230858356264,-0.01292558805508178
78.25,61.41554852,-0.010136176324887773,-0.00623736196125195,-0.003986837327812914
78.5,61.34930034,-0.07637197670051026,-0.007017424700511352,-0.069442574964176
78.75,61.30397264,-0.12168729707613894,-0.011601210712497903,-0.11017410932781813
79.0,61.29525577,-0.13039178745175978,-0.015170670360848175,-0.11530914005508869
79.25,61.25864494,-0.1669902378273736,-0.01525338382738028,-0.1518248769641704
79.5,61.29874252,-0.1268802782030068,-0.011849351112094092,-0.11511895005508979
79.75,61.22900759,-0.1966028285786226,-0.00933285385135352,-0.18735799769144618
80.0,61.50620392,0.08060588104574547,-0.006435984045158244,0.08695384212672662
80.25,61.47830995,0.052724290670131464,-0.000686322057144965,0.05332258976309934
80.5,61.37719431,-0.048378969705491985,-3.998861458626678e-05,-0.04842700405508281
80.75,61.31791962,-0.10764128008112155,9.918173706357971e-05,-0.10782848478236222
81.0,61.31791962,-0.10762890045674171,0.0006504220887133113,-0.10836734550963212
81.25,61.33186661,-0.0936695308323681,0.0015820348039992916,-0.09533958860054449
81.5,61.29525577,-0.13026799120798987,-0.001448564117078234,-0.12890745005508875
81.75,61.60208944,0.17657805841639312,-0.0034965346745193773,0.1799865701267354
82.0,61.49400031,0.06850130804076256,-0.005734691231960512,0.07414797630854597
82.25,61.42775213,0.0022655076651471673,-0.007243800880310845,0.009421285581280922
82.5,61.3841678,-0.04130644271048172,-0.008182351983206607,-0.0332121136914522
82.75,61.35278709,-0.07267477308610241,-0.01083257872246595,-0.06193021732781356
83.0,61.27607867,-0.14937081346172537,-0.015004294552634424,-0.13445454187326805
83.25,61.36150395,-0.06393315383735003,-0.01740093965552999,-0.04662023714599713
83.5,61.33186661,-0.09355811421297093,-0.01976588694024385,-0.07388025023690417
83.75,61.33535335,-0.0900589945885986,-0.0202923680431396,-0.0698546495096361
84.0,61.37719431,-0.048205654964216964,-0.022752408600580754,-0.025541269327813303
84.25,61.39114129,-0.03424629533983708,-0.021884191339840105,-0.012450126964174064
84.5,61.45215935,0.026784144284537743,-0.01901901935182653,0.04571514067218718
84.75,61.46087622,0.03551339390891823,-0.01764363881835858,0.053069009763099716
85.0,61.57070873,0.14535828353328778,-0.015824490648527107,0.1610947512176378
85.25,61.51143404,0.08609597315766533,-0.012040085569604668,0.0980480357630929
85.5,61.3841678,-0.041157887217952153,-0.008572657399773148,-0.032673252782356096
85.75,61.39462804,-0.030685267593578973,-0.005485601593577747,-0.025287688964178316
86.0,61.48702682,0.06172589203079721,-0.0033177788782915987,0.06495564794491171
86.25,61.52363765,0.09834910165517781,-0.0019423985266419708,0.10020347721764268
86.5,61.52538102,0.10010485127955034,-0.0005353203568103852,0.10055214867218362
86.75,61.5724521,0.1471883109039322,0.0024883401766574906,0.1446119477630976
87.0,61.52538102,0.1001296105283029,0.0003769743464892136,0.09966461321763659
87.25,61.49400031,0.0687612801526822,-0.0021147638473157015,0.0707880210358208
87.5,61.45738947,0.03216281977706754,-0.0019755934956659843,0.03405039030855643
87.75,61.52886777,0.10365349940143571,0.00041411321962018296,0.10315136321763844
88.0,61.48354007,0.058338179025814126,0.0027087268439972578,0.05554142921763978
88.25,61.39288467,-0.03230484134980887,0.004971642650192631,-0.03736450696417859
88.5,61.37893768,-0.04623945172542992,0.00859755936547871,-0.05492503405508572
88.75,61.34232685,-0.08283790210105084,0.007120147535310208,-0.09004607260053814
89.0,61.33535335,-0.08979902247667897,0.009731738068778199,-0.09961878350963425
89.25,61.37196419,-0.05317580285229755,0.013928213147700649,-0.06719203896417529
89.5,61.36324732,-0.06188029322792548,0.01853675840844144,-0.08050507460054401
89.75,61.34930034,-0.0758148936035457,0.021401930396454757,-0.09730484696417754
90.0,61.43995574,0.01485288602083696,0.026771220202649982,-0.012006357145990113
90.25,61.38242443,-0.04266604435479198,0.030238648372481632,-0.0729927156914507
90.5,61.436469,0.01139090526958992,0.036083403451404136,-0.02478052114599131
90.75,61.38591117,-0.03915454510603982,0.04094553016669039,-0.08018809823690731
91.0,61.42426538,-0.0007879554816586011,0.03452327797288559,-0.035399256418721284
91.25,61.4748232,0.04978224414272287,0.039955963233626275,0.009738257944919506
91.5,61.46087622,0.035847643767095545,0.04332829849436703,-0.007568677691448573
91.75,61.50446055,0.0794443533914699,0.03449702175510762,0.04485930867218518
92.0,61.62300992,0.19800610301584637,0.02493669792493934,0.17298138212672992
92.25,61.53932801,0.11433657264022341,0.018609538822043643,0.09563901085400267
92.5,61.47307983,0.04810077226460802,0.01602270771914796,0.03199004158128297
92.75,61.41380514,-0.011161538111021545,0.013721155707161491,-0.02497071678236013
93.0,61.33360998,-0.09134431848664408,0.016110862240629464,-0.10754320369145064
93.25,61.37545094,-0.049490978862269545,0.008864470228642844,-0.058443472055089485
93.5,61.39462804,-0.030301499237889433,0.0031078698530199113,-0.033497392055086436
93.75,61.38939792,-0.03551923961350983,-0.002585335249875755,-0.03302192732781117
94.0,61.34058347,-0.08432130998913893,-0.005298957080044037,-0.07911037587327199
94.25,61.3841678,-0.040724600364757495,-0.006744671455666976,-0.03406795187326761
94.5,61.44867261,0.023792589259617754,-0.006320221831289973,0.030024788126730633
94.75,61.44344249,0.01857484888399736,-0.00716367984327664,0.02565050576309691
95.0,61.4556461,0.030790838508377445,-0.007214695673444984,0.03791751121764533
95.25,61.49400031,0.06915742813274446,-0.005078570594522469,0.07414797576308983
95.5,61.52015091,0.09532040775712543,-0.004051864788327263,0.0992842495812756
95.75,61.63695691,0.2121387873815021,-0.004071182982132102,0.21612194739945711
96.0,61.65787738,0.23307163700588202,-0.004280687175936933,0.23726430121764186
96.25,61.63695691,0.21216354663026177,-0.0013204220970145183,0.2133959457630992
96.5,61.50969067,0.08490968625463009,0.000752307709180733,0.08406935558127226
96.75,61.57070873,0.145940125879012,0.002698246606285061,0.14315385630854985
97.0,61.55153162,0.12677539550339073,0.002710626230662051,0.12397674630855159
97.25,61.65264726,0.22790341512776674,0.003864122764129986,0.22395126939945967
97.5,61.60208944,0.17735797475214493,0.0035595252975978596,0.17371042649036997
97.75,61.02328956,-0.4014295256234806,0.001670043467429471,-0.4031875920550872
98.0,61.6892581,0.2645513940009007,-0.000473019999102698,0.26493639103582634
98.25,61.63695691,0.2122625836252791,-0.0034719211019985266,0.21564648176310056
98.5,60.97447512,-0.45020682675034923,-0.0070413807503489235,-0.4432534689641774
98.75,61.04421004,-0.3804595271259675,-0.01026216585324464,-0.37028538423689994
99.0,61.16275941,-0.2618977775015981,-0.00926715768341294,-0.2527186427823622
99.25,61.24121121,-0.18343359787721486,-0.014928665149944972,-0.16859295569144697
99.5,61.2673618,-0.15727062825283472,-0.012095190798295288,-0.14526346041871652
99.75,61.6177798,0.19315975137153568,-0.009261716446645602,0.2023334448540042
100.0,61.12440521,-0.30020245900408643,-0.0052554275495413395,-0.2950350544187222
100.25,61.20808712,-0.2165081693797109,-0.002580441743346082,-0.2140157506005419
100.5,61.25864494,-0.16593796975532943,-0.0011733635735144982,-0.16485262914599202
100.75,61.37545094,-0.04911959013095273,-8.326231277382828e-05,-0.049124350782356
101.0,61.41380514,-0.010753010506579445,0.0019894674934214252,-0.012830500964177961
101.25,61.48005332,0.05550754911780271,0.0026991963905257134,0.0527203297630999
101.5,61.4817967,0.05726330874216896,0.001411970560357331,0.055763315217634536
101.75,61.48005332,0.05553230836655527,-0.0003824183607202859,0.055826703763098465
102.0,61.50969067,0.08518203799092956,-0.0027473656454342753,0.08784138067218675
102.25,61.43472562,0.010229367615306413,-0.004129684566511622,0.014271029217640945
102.5,61.34058347,-0.083900402760317,-0.005987468942134578,-0.07800095678235952
102.75,61.32314974,-0.10132175313594476,-0.011141813317757503,-0.09026796278236435
103.0,61.53409789,0.10963877648843519,-0.015281831511562342,0.12483258503582044
103.25,61.47656658,0.052119846112813346,-0.017329802069003614,0.06936162521763986
103.5,61.4556461,0.03121174573719227,-0.016905352444626483,0.04802907521764166
103.75,61.43995574,0.015533765361571424,-0.018985020638431258,0.03443076303582559
104.0,61.44518586,0.020776264985944377,-0.022205805741326974,0.04289404776309426
104.25,61.41903526,-0.005361955389676923,-0.02812089466240459,0.022670916308550573
104.5,61.28130879,-0.14307604576530114,-0.02966170194711856,-0.11350236678235967
104.75,61.30571601,-0.1186564461409279,-0.021598108140923236,-0.09714636096418175
105.0,61.30920276,-0.11515731651654763,-0.02754489488018268,-0.08770044460054205
105.25,61.26387506,-0.16047263689217633,-0.033174704710351215,-0.1273859551460022
105.5,61.32663649,-0.0976988272677946,-0.026505809631428814,-0.07128104060054287
105.75,61.67705449,0.25273155235659,-0.018252029825233752,0.2708955592176467
106.0,61.22726422,-0.19704633801903843,-0.008413365291765782,-0.18872099569144973
106.25,61.62824004,0.20394186160534072,-0.0017444702128433832,0.205598308854007
106.5,61.56896535,0.14467955122971116,0.0014376786842608524,0.14315384958127322
106.75,61.55327499,0.1290015708540903,-0.0031778049640894604,0.13209135285400267
107.0,61.52189428,0.09763324047846962,0.0013990424784693714,0.09614617503582315
107.25,61.47133646,0.047087800102847806,0.004010632830119166,0.042989144308551545
107.5,61.44867261,0.02443632972722693,0.006178455545405186,0.018169851217644653
107.75,61.45390273,0.029678829351599885,0.009202115897054865,0.020388690490367928
108.0,61.42252201,-0.0016895110240216428,0.009341286430522778,-0.011118820418721512
108.25,61.37719431,-0.047004831399643225,0.005930315327626939,-0.053023169691447256
108.5,61.34407022,-0.08011654177527165,0.003375181679276818,-0.08357974641872556
108.75,61.32489312,-0.0992812621508921,0.001422304394562839,-0.10079158950963203
109.0,61.41729189,-0.006870112526509645,-0.0011328292537874105,-0.005825306236899325
109.25,61.41729189,-0.006857732902136918,-0.0029906134475922927,-0.003955142418721716
109.5,61.35278709,-0.07135015327775877,-0.003009931459578935,-0.06842824478235693
109.75,61.4294955,0.005370636346615895,-0.001697946380656316,0.00698055976309512
110.0,61.52363765,0.09952516597099188,-0.0005444498471883826,0.09998159285400317
110.25,61.53235452,0.10825441559537237,0.0010211166862795652,0.10714527594491571
110.5,61.4556461,0.03155837521974942,-0.000487992962070769,0.0319583452176431
110.75,61.37370756,-0.05036778515587375,-0.002409172610421115,-0.048046635509629725
111.0,61.32663649,-0.09742647553150223,-0.002808862986044009,-0.09470563550963532
111.25,61.51666416,0.09261357409287681,-0.002162529361666986,0.0946880804903667
111.5,61.46610634,0.0420681337172621,0.00019547953543735432,0.04178463121764765
111.75,61.36150395,-0.06252187665836888,-0.0004894901129128271,-0.06212040950963314
112.0,61.32663649,-0.09737695703399,0.0001251456932823674,-0.09759012569144947
112.25,61.34058347,-0.08341759740961723,0.0025782476812959317,-0.08608386805509025
112.5,61.49748705,0.07349836221476065,0.006330955123854738,0.06707938412672881
112.75,61.70320508,0.27922877183914036,0.005550892384595334,0.27358985649036793
113.0,61.60731956,0.18335563146351713,0.013360904554427006,0.16990670394491303
113.25,61.44169911,0.017747561087898274,0.01384874963334947,0.0038107884903717123
113.5,61.36324732,-0.060691849287731574,0.013417361621362943,-0.07419723387327161
113.75,61.37545094,-0.04847584966335066,0.012352019791194453,-0.06091589241872221
114.0,61.35104371,-0.07287070003897216,0.006056558506480583,-0.07901528150962983
114.25,61.37719431,-0.0467077204145983,0.008763241949039473,-0.055558985327814864
114.5,61.54107138,0.11718172920977961,0.011343134664325507,0.10575057158127701
114.75,61.42077864,-0.0030986311658441268,0.011862677379611605,-0.015049331509632823
115.0,61.29176903,-0.13209586154146852,0.012223731549443145,-0.14440761605508876
115.25,61.34058347,-0.08326904191708766,0.011887436446547387,-0.09524450132781213
115.5,61.37196419,-0.05187594229271358,0.011170769161833577,-0.06313473441872425
115.75,61.36847744,-0.05535031266833417,0.010549194786210534,-0.0659875304187218
116.0,61.33186661,-0.0919487630439622,0.00865971277422382,-0.10069649878236311
116.25,61.3388401,-0.08496289341958234,0.007689463853146228,-0.09274038023690566
116.5,61.39462804,-0.029162573795200646,0.007670145659341388,-0.03692074241871913
116.75,61.59685932,0.17308108582917153,0.0068583852837184826,0.16613467758127595
117.0,61.56199186,0.1382260054535504,0.004176461089913701,0.1339615213994596
117.25,61.37196419,-0.051789284922076066,0.0007337921688361615,-0.05261110005508932
117.5,61.33360998,-0.09013111529769761,-0.0006485267522414457,-0.08957061150963326
117.75,61.42252201,-0.0012067056733147598,-0.0018089616733190314,0.0005142330358271804
118.0,61.45390273,0.030186393951059327,-0.0020184658671237353,0.03211683685400597
118.25,61.4103184,-0.013385556424562454,-0.004066436242746678,-0.009407143145992867
118.5,61.2673618,-0.15632977680018773,-0.0038321728001878648,-0.15258562696417696
118.75,61.34232685,-0.08135234717581201,-0.002013024630356266,-0.07942734550963283
119.0,61.39811479,-0.025552027551430316,0.0007887519031117203,-0.02642880241871913
119.25,61.53235452,0.10870008207293975,0.0013082946183979455,0.10730376449036472
119.5,61.63347016,0.20982810169732286,-7.402412086133375e-05,0.2098141028540071
119.75,61.65613401,0.2325043313217034,-0.007383811587393417,0.23980011994491973
120.0,61.65439064,0.23077334094607632,-0.01069968978119823,0.24138500776309746
120.25,61.54455813,0.12095321057045223,-0.01480801015682124,0.1356731977630964
120.5,61.49400031,0.07040777019482332,-0.00861458035062599,0.07893432758127222
120.75,61.17496303,-0.24861713018079318,-0.003213592908067133,-0.24549156023690313
121.0,61.61952317,0.19595538944358676,0.002187394534491725,0.19367997194491793
121.25,61.58988583,0.16633042906795875,0.005845008886141436,0.16039739721764024
121.5,61.4817967,0.05825367869233528,-0.0015598716712997428,0.05972552739945793
121.75,61.44169911,0.0181684683167131,-0.007189681501468145,0.025270126854004153
122.0,61.3580172,-0.06550106205890986,-0.006955418058909332,-0.05863366696417762
122.25,61.30397264,-0.11953324243453127,-0.009035086070895908,-0.11058617932781245
122.5,61.29002565,-0.13346785281015944,-0.00648689099197351,-0.12706898478236303
122.75,61.3126895,-0.11079162318577888,-0.005618673549414664,-0.10526097260054132
123.0,61.36324732,-0.06022142356140452,-0.0047187584704920585,-0.05559068805508956
123.25,61.35104371,-0.07241265393702494,-0.001600004846115088,-0.07090067205508695
123.5,61.3841678,-0.03927618431264395,-0.001270648312647179,-0.038093558964173865
123.75,61.37545094,-0.04798066468827105,-0.006995551051906608,-0.041073136600541536
124.0,61.34232685,-0.08109237506389237,0.001765391845197686,-0.08294578987326715
124.25,61.37893768,-0.04446916543951889,0.003679633105938383,-0.04823682150963437
124.5,61.30920276,-0.11419170581514097,0.002582593457588194,-0.11686232223690626
124.75,61.31443288,-0.10894920619076091,-0.00200119237258029,-0.10703603678235772
125.0,61.40334491,-0.020024796566385165,-0.005000093657294188,-0.015112725873268068
125.25,61.47830995,0.054952623057996815,-0.005336388760189944,0.060200988854009665
125.5,61.46087622,0.03753127268236906,-0.0017104720449037363,0.03915372176309571
125.75,61.48005332,0.056720752306749174,0.0029614684885641927,0.05367126085400789
126.0,61.36847744,-0.05484274806887473,0.007696804294759383,-0.0626275753278112
126.25,61.42077864,-0.002529168444499733,0.00875520773731835,-0.011372399145995174
126.5,61.30048589,-0.12280953882012428,0.006865725725331635,-0.129763287509633
126.75,61.42426538,0.0009823308042524257,0.0035181498951631918,-0.002623842055087857
127.0,61.21506061,-0.20821005957136723,-0.00027319375318709746,-0.20802488878235723
127.25,61.70320508,0.2799467900530072,-0.002226071037900945,0.2820848381267311
127.5,61.67182437,0.2485784596773865,-0.003006133777160091,0.2514965704903695
127.75,61.64741714,0.224183609301765,0.0017604496790577934,0.2223351366585301
128.0,61.57768222,0.1544610689261358,-0.0013978403056108604,0.15577088626756957
128.25,61.13312207,-0.2900867014494853,-0.003542254276620315,-0.2866324701370421
128.5,61.11045822,-0.31273817182510616,-0.0026758376885163485,-0.3101503571007669
128.75,61.30397264,-0.11921137220073379,2.8595095064920528e-05,-0.1193279902599758
129.0,61.22552085,-0.19765078257634944,0.005490276983214283,-0.2032290825237408
129.25,61.51143404,0.08827478704801846,0.010856415612295289,0.07733034847154607
129.5,61.41554852,-0.0075983533275976655,0.014066660982308257,-0.021753037274083016
129.75,61.38068106,-0.042453433703218794,0.015501385275070983,-0.058042841942466866
130.0,61.50969067,0.08656855592115105,0.014146262490583704,0.07233427046639025
130.25,61.41206177,-0.011047964454465702,0.01085713026520995,-0.021993117683852745
130.5,61.28130879,-0.141788564830097,0.008835455508040602,-0.1507120433023147
130.75,62.04316284,0.6200778647942866,0.010680449128166658,0.6093093927019428
131.0,61.47656658,0.053493984418662106,0.02342899894376991,0.029976962510715105
131.25,61.27259192,-0.15046829595695815,0.02165955531848667,-0.17221587423962192
131.5,61.16973291,-0.2533149263325814,0.023534896070498953,-0.27693784536725746
131.75,61.28828228,-0.1347531767082049,0.02708976447253371,-0.1619309641449157
132.0,61.39114129,-0.0318817870838291,0.026681971070045836,-0.05865178111805203
132.25,61.46610634,0.04309564254055371,0.025544680590307747,0.01746293898606887
132.5,61.5986027,0.17560438216492397,0.02646728994241046,0.14904906925833641
132.75,61.65787738,0.23489144178930527,0.02184235294453595,0.21296106588059222
133.0,61.58988583,0.16691227141368298,0.02067201432395669,0.1461522341255492
133.25,61.52886777,0.10590659103805362,0.015031850626127479,0.09078671744774905
133.5,61.47133646,0.04838766066243889,0.011990447669230006,0.03630919002903179
133.75,61.44518586,0.02224944028681048,0.014780970180536979,0.007380447142096411
134.0,61.436469,0.013544959911190486,0.022642673250957562,-0.009185736303944167
134.25,61.45041598,0.027504319535570372,0.022072339971400824,0.005343956599992457
