Time[s],Membrane1,Membrane2,Membrane3,Membrane4,Membrane5
0,3041,3097,3038,3289,2923
0.1,3038,3096,3037,3289,2921
0.2,3038,3096,3038,3288,2922
0.3,3039,3097,3038,3289,2923
0.4,3037,3097,3037,3289,2921
0.5,3038,3096,3038,3289,2922
0.6,3038,3096,3038,3290,2922
0.7,3038,3096,3038,3292,2922
0.8,3038,3095,3038,3289,2920
0.9,3038,3097,3037,3291,2923
1,3037,3096,3037,3290,2923
1.1,3038,3096,3038,3289,2921
1.2,3037,3097,3039,3289,2922
1.3,3037,3097,3038,3290,2922
1.4,3036,3096,3038,3289,2921
1.5,3036,3096,3037,3288,2922
1.6,3034,3093,3035,3286,2920
1.7,3036,3096,3037,3290,2921
1.8,3037,3097,3038,3291,2922
1.9,3037,3097,3038,3290,2922
2,3036,3095,3036,3288,2921
2.1,3036,3096,3037,3289,2921
2.2,3035,3094,3036,3288,2920
2.3,3037,3097,3039,3291,2922
2.4,3036,3096,3038,3288,2921
2.5,3038,3097,3039,3290,2922
2.6,3039,3097,3040,3291,2922
2.7,3037,3097,3038,3291,2921
2.8,3036,3096,3037,3290,2921
2.9,3037,3098,3039,3291,2923
3,3037,3096,3038,3289,2921
3.1,3036,3097,3037,3288,2921
3.2,3036,3096,3038,3290,2922
3.3,3037,3096,3038,3291,2921
3.4,3037,3098,3039,3290,2923
3.5,3037,3097,3038,3290,2923
3.6,3037,3096,3037,3289,2921
3.7,3038,3097,3039,3291,2922
3.8,3037,3096,3037,3290,2922
3.9,3036,3097,3038,3290,2921
4,3036,3097,3038,3290,2921
4.1,3038,3097,3039,3291,2922
4.2,3038,3097,3039,3290,2922
4.3,3032,3092,3033,3285,2917
4.4,3037,3098,3038,3291,2922
4.5,3035,3094,3036,3288,2920
4.6,3038,3097,3038,3290,2922
4.7,3037,3097,3038,3290,2921
4.8,3038,3098,3038,3290,2922
4.9,3037,3098,3038,3291,2921
5,3037,3098,3038,3289,2921
5.1,3039,3098,3039,3290,2923
5.2,3037,3097,3038,3290,2921
5.3,3037,3098,3038,3290,2921
5.4,3038,3097,3039,3291,2922
5.5,3038,3097,3038,3289,2921
5.6,3035,3095,3037,3287,2919
5.7,3037,3097,3038,3290,2921
5.8,3037,3098,3038,3290,2922
5.9,3037,3096,3037,3289,2920
6,3037,3097,3038,3289,2921
6.1,3039,3098,3038,3290,2922
6.2,3037,3097,3037,3290,2921
6.3,3039,3097,3038,3291,2923
6.4,3038,3098,3039,3291,2923
6.5,3037,3097,3038,3289,2922
6.6,3037,3097,3038,3290,2921
6.7,3037,3097,3039,3290,2923
6.8,3039,3098,3040,3291,2923
6.9,3037,3097,3038,3291,2921
7,3037,3097,3039,3291,2922
7.1,3033,3092,3034,3285,2917
7.2,3037,3097,3037,3290,2922
7.3,3039,3098,3040,3291,2924
7.4,3037,3096,3037,3289,2921
7.5,3037,3096,3038,3289,2921
7.6,3037,3097,3037,3291,2922
7.7,3037,3096,3038,3290,2921
7.8,3037,3096,3037,3290,2920
7.9,3037,3097,3037,3290,2921
8,3037,3097,3038,3290,2922
8.1,3037,3097,3039,3290,2921
8.2,3037,3095,3037,3290,2920
8.3,3037,3096,3038,3290,2922
8.4,3036,3096,3038,3289,2920
8.5,3036,3097,3037,3290,2921
8.6,3039,3097,3039,3292,2923
8.7,3037,3096,3037,3289,2920
8.8,3036,3095,3036,3289,2920
8.9,3037,3097,3037,3292,2922
9,3036,3096,3037,3289,2921
9.1,3037,3097,3038,3289,2921
9.2,3040,3098,3040,3292,2924
9.3,3037,3097,3038,3291,2921
9.4,3037,3097,3038,3291,2921
9.5,3038,3097,3038,3290,2922
9.6,3037,3096,3039,3291,2922
9.7,3036,3096,3037,3289,2920
9.8,3032,3092,3033,3286,2918
9.9,3038,3097,3038,3290,2922
10,3038,3098,3039,3290,2922
10.1,3037,3097,3038,3290,2921
10.2,3037,3096,3039,3290,2922
10.3,3036,3096,3037,3290,2920
10.4,3036,3097,3038,3289,2921
10.5,3036,3096,3037,3290,2922
10.6,3036,3097,3038,3289,2920
10.7,3038,3097,3038,3290,2920
10.8,3037,3097,3038,3290,2922
10.9,3037,3097,3039,3290,2923
11,3037,3097,3037,3290,2920
11.1,3038,3097,3038,3290,2923
11.2,3040,3098,3039,3291,2923
11.3,3037,3096,3038,3289,2921
11.4,3037,3097,3039,3291,2922
11.5,3036,3097,3037,3290,2921
11.6,3037,3097,3038,3289,2922
11.7,3033,3092,3033,3286,2918
11.8,3035,3094,3035,3288,2919
11.9,3037,3097,3038,3290,2921
12,3037,3096,3038,3291,2921
12.1,3038,3098,3038,3291,2923
12.2,3032,3092,3034,3285,2919
12.3,3037,3097,3037,3289,2920
12.4,3038,3097,3039,3291,2923
12.5,3036,3097,3038,3289,2921
12.6,3038,3097,3038,3289,2922
12.7,3037,3097,3039,3290,2923
12.8,3036,3095,3037,3290,2921
12.9,3037,3097,3038,3291,2921
13,3038,3098,3039,3291,2923
13.1,3038,3097,3038,3292,2923
13.2,3037,3097,3037,3290,2921
13.3,3037,3096,3038,3290,2922
13.4,3038,3097,3038,3290,2923
13.5,3035,3095,3036,3288,2919
13.6,3037,3097,3039,3290,2921
13.7,3038,3098,3040,3291,2924
13.8,3036,3095,3037,3289,2920
13.9,3037,3096,3038,3290,2921
14,3038,3097,3038,3290,2922
14.1,3035,3094,3037,3288,2919
14.2,3036,3096,3037,3289,2920
14.3,3037,3098,3037,3290,2922
14.4,3036,3095,3036,3289,2919
14.5,3036,3096,3037,3289,2919
14.6,3039,3098,3039,3291,2923
14.7,3035,3093,3035,3288,2920
14.8,3037,3096,3038,3290,2920
14.9,3039,3099,3040,3292,2923
15,3038,3097,3038,3291,2923
15.1,3037,3097,3038,3289,2921
15.2,3037,3097,3038,3290,2922
15.3,3038,3097,3038,3290,2921
15.4,3036,3097,3037,3289,2920
15.5,3038,3097,3038,3290,2922
15.6,3034,3093,3035,3287,2919
15.7,3037,3097,3037,3289,2921
15.8,3039,3097,3038,3290,2922
15.9,3038,3097,3038,3290,2923
16,3037,3097,3038,3291,2921
16.1,3037,3097,3038,3289,2921
16.2,3034,3093,3035,3286,2919
16.3,3037,3097,3039,3291,2922
16.4,3036,3096,3038,3289,2920
16.5,3037,3098,3038,3290,2923
16.6,3037,3097,3039,3291,2922
16.7,3037,3098,3038,3291,2921
16.8,3037,3098,3038,3290,2923
16.9,3038,3098,3039,3291,2923
17,3037,3098,3039,3289,2921
17.1,3037,3098,3038,3289,2922
17.2,3037,3098,3038,3291,2922
17.3,3033,3093,3035,3287,2918
17.4,3037,3097,3037,3289,2921
17.5,3037,3097,3038,3291,2922
17.6,3035,3094,3034,3288,2919
17.7,3036,3097,3036,3289,2920
17.8,3037,3098,3038,3291,2922
17.9,3038,3098,3038,3290,2922
18,3037,3097,3037,3289,2920
18.1,3038,3097,3038,3290,2922
18.2,3036,3097,3038,3290,2922
18.3,3036,3096,3037,3288,2920
18.4,3037,3096,3038,3290,2922
18.5,3039,3099,3039,3291,2923
18.6,3038,3096,3038,3290,2921
18.7,3037,3097,3038,3290,2921
18.8,3036,3096,3037,3290,2922
18.9,3037,3096,3037,3289,2920
19,3034,3093,3035,3286,2918
19.1,3038,3098,3039,3290,2922
19.2,3036,3096,3036,3288,2921
19.3,3037,3096,3037,3289,2921
19.4,3038,3097,3039,3292,2923
19.5,3038,3097,3038,3290,2921
19.6,3039,3097,3039,3290,2921
19.7,3038,3098,3039,3291,2923
19.8,3038,3097,3039,3290,2922
19.9,3037,3097,3037,3291,2920
20,3038,3099,3039,3291,2922
20.1,3037,3099,3039,3291,2923
20.2,3037,3098,3037,3289,2920
20.3,3037,3098,3037,3289,2921
20.4,3037,3097,3040,3290,2923
20.5,3038,3097,3037,3290,2921
20.6,3039,3097,3039,3291,2921
20.7,3039,3098,3039,3292,2923
20.8,3038,3098,3040,3292,2923
20.9,3039,3098,3039,3291,2922
21,3038,3098,3039,3290,2922
21.1,3034,3094,3035,3286,2919
21.2,3037,3098,3038,3290,2921
21.3,3040,3098,3039,3291,2923
21.4,3038,3097,3038,3289,2922
21.5,3037,3097,3038,3290,2921
21.6,3039,3099,3038,3290,2922
21.7,3038,3099,3039,3291,2922
21.8,3037,3097,3038,3290,2920
21.9,3039,3098,3039,3290,2922
22,3038,3097,3038,3290,2922
22.1,3034,3094,3035,3286,2918
22.2,3038,3097,3038,3291,2922
22.3,3038,3099,3039,3292,2923
22.4,3038,3098,3038,3290,2921
22.5,3038,3097,3039,3290,2921
22.6,3038,3098,3039,3292,2923
22.7,3037,3097,3038,3290,2921
22.8,3038,3096,3038,3290,2920
22.9,3038,3098,3039,3291,2923
23,3038,3098,3039,3291,2922
23.1,3037,3097,3038,3289,2921
23.2,3039,3098,3039,3291,2922
23.3,3039,3098,3039,3290,2922
23.4,3037,3097,3037,3289,2920
23.5,3038,3098,3038,3290,2921
23.6,3037,3098,3040,3290,2922
23.7,3037,3096,3038,3290,2920
23.8,3039,3098,3039,3291,2923
23.9,3040,3098,3039,3291,2922
24,3038,3098,3038,3290,2921
24.1,3038,3098,3038,3290,2922
24.2,3039,3097,3039,3291,2922
24.3,3037,3097,3037,3289,2920
24.4,3037,3096,3038,3290,2921
24.5,3038,3097,3038,3290,2922
24.6,3038,3098,3039,3290,2922
24.7,3033,3093,3034,3286,2917
24.8,3038,3097,3037,3289,2922
24.9,3039,3097,3038,3290,2922
25,3037,3097,3037,3289,2920
25.1,3037,3097,3037,3290,2922
25.2,3037,3098,3038,3290,2922
25.3,3036,3096,3036,3289,2919
25.4,3038,3097,3037,3290,2922
25.5,3038,3097,3038,3291,2922
25.6,3037,3098,3037,3290,2921
25.7,3037,3097,3038,3289,2921
25.8,3040,3099,3040,3291,2924
25.9,3037,3097,3036,3290,2921
26,3036,3097,3037,3288,2920
26.1,3037,3097,3038,3290,2921
26.2,3038,3099,3038,3291,2921
26.3,3039,3097,3039,3291,2923
26.4,3035,3095,3036,3287,2920
26.5,3037,3097,3037,3289,2922
26.6,3036,3097,3037,3289,2920
26.7,3038,3098,3039,3290,2922
26.8,3039,3098,3040,3291,2922
26.9,3038,3098,3039,3290,2921
27,3037,3097,3038,3290,2922
27.1,3038,3098,3038,3290,2922
27.2,3037,3097,3038,3289,2921
27.3,3039,3097,3038,3290,2922
27.4,3037,3097,3038,3289,2922
27.5,3038,3096,3038,3290,2921
27.6,3037,3097,3037,3290,2921
27.7,3038,3098,3038,3292,2923
27.8,3037,3097,3037,3290,2921
27.9,3037,3096,3038,3290,2921
28,3039,3098,3039,3291,2923
28.1,3037,3097,3038,3290,2921
28.2,3037,3096,3037,3289,2919
28.3,3037,3097,3038,3290,2922
28.4,3037,3097,3037,3290,2922
28.5,3038,3097,3037,3290,2920
28.6,3039,3099,3039,3291,2923
28.7,3039,3098,3039,3291,2921
28.8,3038,3098,3038,3292,2923
28.9,3037,3098,3038,3290,2922
29,3038,3097,3038,3290,2921
29.1,3037,3096,3037,3289,2921
29.2,3037,3097,3038,3290,2921
29.3,3039,3098,3038,3292,2922
29.4,3037,3096,3038,3289,2921
29.5,3037,3096,3038,3289,2920
29.6,3038,3097,3039,3290,2922
29.7,3037,3096,3038,3290,2921
29.8,3038,3083,3032,3290,2922
29.9,3036,3043,3021,3289,2926
30,3032,3028,3016,3287,2929
30.1,3029,3021,3014,3285,2931
30.2,3026,3020,3014,3286,2937
30.3,3024,3018,3013,3287,2941
30.4,3020,3015,3010,3285,2941
30.5,3020,3017,3013,3287,2945
30.6,3019,3017,3012,3288,2947
30.7,3018,3016,3011,3288,2947
30.8,3018,3015,3011,3286,2947
30.9,3017,3015,3011,3288,2950
31,3015,3014,3010,3287,2949
31.1,3015,3014,3010,3287,2950
31.2,3014,3011,3008,3285,2951
31.3,3016,3014,3009,3288,2951
31.4,3015,3012,3009,3288,2952
31.5,3015,3014,3010,3289,2954
31.6,3014,3013,3009,3289,2954
31.7,3014,3012,3009,3287,2953
31.8,3016,3013,3009,3289,2955
31.9,3016,3013,3009,3289,2958
32,3014,3012,3008,3288,2953
32.1,3015,3013,3009,3290,2956
32.2,3016,3014,3010,3290,2959
32.3,3014,3012,3008,3288,2956
32.4,3013,3013,3008,3289,2956
32.5,3015,3014,3010,3290,2958
32.6,3014,3013,3009,3290,2958
32.7,3013,3011,3007,3288,2957
32.8,3015,3013,3009,3290,2959
32.9,3011,3010,3005,3288,2956
33,3014,3012,3008,3290,2958
33.1,3015,3013,3009,3291,2961
33.2,3016,3014,3009,3291,2960
33.3,3014,3012,3008,3290,2958
33.4,3015,3013,3009,3291,2961
33.5,3015,3013,3008,3291,2961
33.6,3014,3011,3009,3290,2959
33.7,3015,3013,3009,3291,2963
33.8,3015,3012,3008,3291,2962
33.9,3010,3007,3004,3286,2956
34,3015,3013,3009,3291,2962
34.1,3015,3012,3008,3290,2962
34.2,3014,3013,3009,3292,2961
34.3,3015,3013,3009,3291,2961
34.4,3016,3014,3010,3292,2964
34.5,3012,3009,3005,3289,2959
34.6,3015,3013,3008,3291,2961
34.7,3015,3013,3009,3292,2965
34.8,3015,3012,3008,3291,2964
34.9,3015,3012,3008,3291,2962
35,3015,3012,3009,3291,2964
35.1,3015,3012,3007,3291,2963
35.2,3015,3013,3008,3291,2963
35.3,3016,3012,3010,3292,2964
35.4,3015,3012,3010,3292,2964
35.5,3015,3012,3008,3291,2964
35.6,3016,3013,3008,3293,2966
35.7,3015,3012,3010,3292,2966
35.8,3015,3012,3007,3292,2964
35.9,3015,3013,3008,3292,2964
36,3016,3013,3008,3292,2967
36.1,3015,3012,3009,3292,2965
36.2,3014,3010,3006,3292,2963
36.3,3015,3012,3007,3292,2966
36.4,3016,3013,3008,3293,2966
36.5,3015,3013,3007,3292,2964
36.6,3016,3013,3009,3293,2968
36.7,3018,3013,3009,3294,2967
36.8,3015,3012,3008,3292,2965
36.9,3015,3011,3007,3293,2967
37,3016,3014,3009,3295,2967
37.1,3017,3012,3008,3294,2966
37.2,3016,3013,3008,3293,2968
37.3,3017,3014,3009,3294,2968
37.4,3017,3013,3009,3295,2968
37.5,3017,3013,3009,3293,2968
37.6,3017,3014,3009,3294,2969
37.7,3015,3012,3008,3293,2967
37.8,3015,3010,3006,3291,2965
37.9,3018,3014,3009,3294,2969
38,3017,3013,3008,3293,2967
38.1,3015,3013,3008,3293,2968
38.2,3017,3013,3008,3292,2969
38.3,3012,3009,3003,3288,2964
38.4,3016,3012,3007,3292,2967
38.5,3014,3010,3006,3291,2968
38.6,3016,3012,3008,3293,2970
38.7,3018,3013,3009,3295,2970
38.8,3017,3013,3008,3293,2970
38.9,3017,3012,3008,3293,2970
39,3016,3012,3008,3293,2968
39.1,3016,3013,3008,3294,2970
39.2,3015,3012,3007,3292,2968
39.3,3015,3012,3007,3292,2967
39.4,3018,3014,3008,3295,2970
39.5,3019,3013,3009,3295,2971
39.6,3017,3013,3008,3293,2969
39.7,3017,3013,3007,3294,2969
39.8,3018,3014,3008,3295,2971
39.9,3017,3013,3008,3294,2969
40,3015,3011,3007,3293,2968
40.1,3017,3013,3008,3294,2971
40.2,3015,3011,3006,3292,2969
40.3,3017,3012,3008,3293,2968
40.4,3020,3016,3011,3297,2975
40.5,3018,3014,3008,3294,2972
40.6,3017,3014,3008,3295,2970
40.7,3017,3013,3008,3294,2971
40.8,3018,3014,3009,3295,2973
40.9,3017,3013,3008,3293,2970
41,3018,3015,3009,3296,2972
41.1,3018,3014,3009,3295,2972
41.2,3018,3014,3008,3294,2971
41.3,3017,3013,3008,3293,2971
41.4,3019,3014,3009,3295,2974
41.5,3017,3014,3008,3295,2972
41.6,3017,3013,3007,3294,2971
41.7,3019,3014,3009,3296,2974
41.8,3018,3014,3008,3294,2972
41.9,3017,3013,3007,3294,2971
42,3014,3010,3004,3290,2970
42.1,3018,3013,3007,3294,2974
42.2,3016,3012,3006,3293,2971
42.3,3018,3014,3009,3294,2973
42.4,3018,3013,3007,3295,2973
42.5,3017,3012,3008,3294,2971
42.6,3017,3013,3008,3295,2973
42.7,3019,3015,3009,3296,2974
42.8,3018,3013,3007,3295,2971
42.9,3018,3014,3008,3294,2973
43,3018,3014,3008,3294,2975
43.1,3019,3014,3008,3294,2973
43.2,3018,3014,3008,3294,2973
43.3,3020,3015,3009,3296,2976
43.4,3018,3014,3008,3294,2974
43.5,3013,3009,3004,3290,2969
43.6,3018,3014,3009,3294,2975
43.7,3018,3014,3008,3294,2974
43.8,3017,3012,3008,3294,2973
43.9,3019,3015,3009,3295,2975
44,3020,3016,3009,3295,2975
44.1,3020,3014,3009,3296,2975
44.2,3018,3015,3008,3295,2975
44.3,3019,3014,3009,3295,2976
44.4,3017,3013,3007,3294,2973
44.5,3018,3014,3008,3295,2975
44.6,3019,3015,3009,3296,2976
44.7,3015,3011,3005,3292,2971
44.8,3017,3014,3007,3294,2973
44.9,3020,3016,3010,3296,2976
45,3018,3014,3008,3295,2975
45.1,3020,3014,3008,3295,2976
45.2,3018,3014,3007,3294,2976
45.3,3019,3015,3009,3296,2975
45.4,3019,3013,3007,3295,2974
45.5,3020,3015,3009,3297,2976
45.6,3019,3015,3008,3296,2976
45.7,3014,3009,3004,3290,2970
45.8,3019,3014,3008,3295,2975
45.9,3020,3015,3008,3296,2977
46,3018,3014,3008,3294,2974
46.1,3019,3014,3008,3295,2977
46.2,3019,3014,3009,3295,2976
46.3,3018,3014,3009,3295,2976
46.4,3019,3015,3008,3295,2976
46.5,3018,3015,3008,3296,2977
46.6,3019,3014,3008,3296,2975
46.7,3019,3015,3008,3295,2975
46.8,3018,3013,3007,3293,2976
46.9,3019,3014,3007,3296,2977
47,3018,3013,3006,3293,2974
47.1,3019,3014,3009,3295,2977
47.2,3019,3015,3007,3296,2977
47.3,3019,3013,3007,3295,2975
47.4,3019,3015,3008,3296,2976
47.5,3018,3014,3007,3294,2977
47.6,3019,3014,3008,3294,2976
47.7,3019,3014,3007,3294,2976
47.8,3020,3015,3008,3295,2978
47.9,3019,3014,3007,3294,2976
48,3019,3016,3008,3297,2977
48.1,3019,3015,3008,3296,2978
48.2,3019,3014,3008,3295,2977
48.3,3018,3014,3006,3294,2977
48.4,3020,3015,3009,3295,2979
48.5,3019,3015,3008,3295,2977
48.6,3017,3012,3006,3293,2975
48.7,3020,3015,3008,3296,2978
48.8,3020,3015,3008,3296,2978
48.9,3019,3015,3008,3295,2976
49,3019,3016,3008,3296,2979
49.1,3020,3016,3008,3296,2978
49.2,3018,3014,3007,3294,2976
49.3,3020,3014,3008,3295,2978
49.4,3019,3015,3008,3295,2978
49.5,3018,3015,3007,3295,2977
49.6,3019,3014,3007,3295,2978
49.7,3018,3014,3007,3295,2978
49.8,3019,3014,3008,3295,2978
49.9,3019,3014,3007,3294,2977
50,3019,3014,3008,3295,2980
50.1,3020,3015,3008,3296,2979
50.2,3019,3014,3008,3296,2978
50.3,3020,3016,3008,3297,2980
50.4,3017,3012,3005,3293,2977
50.5,3019,3014,3009,3295,2977
50.6,3021,3015,3009,3296,2980
50.7,3017,3011,3004,3293,2977
50.8,3019,3015,3007,3295,2978
50.9,3021,3016,3009,3298,2981
51,3020,3017,3009,3297,2980
51.1,3020,3015,3008,3296,2978
51.2,3020,3015,3007,3295,2980
51.3,3021,3017,3009,3297,2982
51.4,3019,3015,3007,3295,2979
51.5,3016,3011,3004,3291,2975
51.6,3021,3017,3009,3296,2981
51.7,3020,3015,3008,3296,2979
51.8,3020,3015,3008,3296,2979
51.9,3020,3016,3008,3296,2982
52,3019,3015,3007,3295,2981
52.1,3020,3015,3008,3296,2979
52.2,3021,3016,3009,3297,2982
52.3,3020,3014,3008,3296,2981
52.4,3019,3014,3006,3293,2977
52.5,3020,3015,3008,3296,2981
52.6,3021,3015,3008,3296,2981
52.7,3020,3015,3007,3295,2979
52.8,3020,3015,3008,3295,2981
52.9,3018,3013,3006,3294,2979
53,3020,3015,3008,3296,2980
53.1,3021,3016,3008,3296,2980
53.2,3021,3015,3010,3296,2983
53.3,3021,3015,3008,3295,2980
53.4,3019,3015,3007,3295,2981
53.5,3023,3017,3009,3298,2984
53.6,3019,3016,3007,3295,2981
53.7,3020,3014,3007,3295,2980
53.8,3020,3016,3008,3296,2982
53.9,3022,3016,3009,3297,2983
54,3020,3015,3007,3296,2980
54.1,3021,3016,3008,3297,2982
54.2,3020,3016,3008,3296,2983
54.3,3019,3016,3009,3295,2981
54.4,3021,3016,3008,3296,2982
54.5,3022,3018,3008,3298,2983
54.6,3019,3015,3007,3296,2980
54.7,3019,3016,3008,3296,2980
54.8,3023,3017,3009,3297,2984
54.9,3021,3015,3007,3296,2981
55,3019,3015,3007,3295,2981
55.1,3021,3016,3009,3297,2984
55.2,3019,3014,3006,3296,2981
55.3,3021,3015,3008,3296,2981
55.4,3021,3016,3009,3297,2984
55.5,3021,3016,3008,3297,2982
55.6,3020,3016,3007,3296,2981
55.7,3021,3016,3009,3296,2984
55.8,3020,3015,3008,3296,2982
55.9,3016,3011,3004,3292,2978
56,3021,3017,3008,3296,2983
56.1,3020,3016,3008,3296,2985
56.2,3017,3011,3003,3293,2978
56.3,3019,3015,3007,3296,2982
56.4,3020,3016,3008,3297,2984
56.5,3020,3015,3007,3296,2982
56.6,3020,3015,3008,3295,2983
56.7,3021,3015,3008,3296,2984
56.8,3020,3016,3008,3296,2982
56.9,3019,3015,3008,3295,2982
57,3021,3016,3008,3296,2984
57.1,3021,3016,3009,3297,2983
57.2,3017,3011,3004,3291,2979
57.3,3020,3017,3009,3297,2984
57.4,3021,3016,3008,3296,2984
57.5,3016,3011,3003,3290,2979
57.6,3021,3016,3007,3296,2984
57.7,3020,3016,3008,3296,2985
57.8,3021,3015,3009,3296,2982
57.9,3020,3016,3008,3296,2985
58,3020,3016,3007,3296,2985
58.1,3020,3017,3008,3296,2983
58.2,3021,3017,3007,3296,2983
58.3,3021,3017,3009,3297,2986
58.4,3020,3016,3008,3296,2983
58.5,3022,3016,3008,3297,2984
58.6,3021,3016,3008,3296,2985
58.7,3020,3016,3007,3296,2984
58.8,3020,3016,3008,3296,2983
58.9,3022,3017,3008,3297,2987
59,3021,3016,3007,3296,2984
59.1,3020,3015,3007,3295,2984
59.2,3018,3013,3005,3293,2982
59.3,3020,3017,3008,3297,2986
59.4,3022,3016,3008,3296,2985
59.5,3020,3016,3007,3296,2986
59.6,3021,3017,3009,3297,2986
59.7,3020,3026,3008,3296,2984
59.8,3020,3038,3011,3297,2985
59.9,3019,3051,3012,3299,2985
60,3018,3063,3016,3301,2983
60.1,3013,3072,3017,3296,2977
60.2,3017,3088,3027,3297,2980
60.3,3017,3095,3030,3295,2973
60.4,3016,3098,3032,3296,2968
60.5,3017,3099,3033,3294,2964
60.6,3017,3099,3034,3296,2957
60.7,3016,3100,3033,3294,2950
60.8,3018,3100,3034,3296,2948
60.9,3019,3101,3036,3296,2945
61,3019,3101,3035,3295,2940
61.1,3020,3102,3036,3296,2939
61.2,3021,3103,3035,3296,2937
61.3,3022,3102,3035,3295,2933
61.4,3025,3103,3037,3296,2934
61.5,3025,3103,3036,3296,2932
61.6,3027,3103,3035,3296,2930
61.7,3030,3103,3037,3295,2930
61.8,3029,3102,3035,3296,2930
61.9,3031,3103,3036,3294,2930
62,3028,3099,3032,3290,2927
62.1,3033,3104,3037,3295,2932
62.2,3033,3102,3035,3293,2931
62.3,3035,3104,3036,3295,2932
62.4,3033,3100,3033,3292,2930
62.5,3038,3103,3036,3294,2934
62.6,3038,3104,3036,3294,2934
62.7,3039,3104,3036,3294,2935
62.8,3040,3104,3036,3293,2936
62.9,3041,3104,3037,3293,2935
63,3039,3101,3034,3292,2934
63.1,3042,3104,3036,3294,2937
63.2,3043,3104,3037,3294,2936
63.3,3039,3099,3032,3290,2934
63.4,3044,3105,3037,3295,2939
63.5,3043,3104,3036,3295,2937
63.6,3041,3101,3035,3291,2935
63.7,3044,3105,3037,3295,2939
63.8,3046,3104,3037,3294,2938
63.9,3044,3104,3037,3294,2938
64,3048,3105,3039,3296,2941
64.1,3044,3103,3036,3293,2938
64.2,3044,3103,3036,3294,2937
64.3,3045,3104,3038,3294,2939
64.4,3047,3105,3038,3294,2938
64.5,3045,3102,3036,3293,2937
64.6,3045,3104,3037,3294,2938
64.7,3047,3105,3038,3295,2938
64.8,3045,3103,3037,3293,2938
64.9,3047,3105,3037,3294,2939
65,3045,3103,3038,3294,2939
65.1,3043,3101,3035,3291,2935
65.2,3045,3104,3036,3293,2937
65.3,3047,3104,3037,3294,2939
65.4,3045,3104,3038,3293,2939
65.5,3046,3104,3038,3293,2937
65.6,3047,3106,3039,3294,2939
65.7,3046,3104,3038,3294,2939
65.8,3041,3099,3032,3288,2933
65.9,3046,3104,3037,3294,2938
66,3046,3104,3038,3294,2938
66.1,3045,3103,3037,3292,2937
66.2,3045,3104,3037,3292,2938
66.3,3046,3104,3038,3293,2939
66.4,3044,3102,3036,3291,2936
66.5,3046,3105,3038,3294,2939
66.6,3047,3105,3039,3294,2939
66.7,3046,3104,3037,3292,2937
66.8,3045,3104,3038,3293,2939
66.9,3046,3104,3038,3293,2939
67,3046,3104,3037,3293,2938
67.1,3046,3105,3037,3293,2938
67.2,3047,3105,3040,3295,2939
67.3,3046,3105,3038,3293,2937
67.4,3042,3100,3034,3289,2935
67.5,3044,3104,3038,3292,2938
67.6,3046,3105,3039,3293,2939
67.7,3045,3104,3038,3292,2937
67.8,3046,3105,3038,3294,2938
67.9,3046,3103,3037,3293,2938
68,3044,3103,3037,3292,2937
68.1,3046,3105,3038,3294,2938
68.2,3046,3105,3038,3293,2938
68.3,3045,3103,3038,3291,2938
68.4,3045,3104,3038,3293,2938
68.5,3045,3104,3039,3292,2939
68.6,3045,3103,3038,3293,2937
68.7,3046,3103,3039,3294,2938
68.8,3045,3104,3038,3293,2938
68.9,3046,3104,3038,3292,2938
69,3046,3105,3038,3293,2937
69.1,3046,3105,3038,3294,2940
69.2,3046,3104,3038,3292,2937
69.3,3045,3103,3038,3292,2937
69.4,3045,3105,3039,3293,2939
69.5,3045,3104,3039,3293,2938
69.6,3045,3103,3038,3291,2936
69.7,3046,3104,3039,3293,2938
69.8,3045,3105,3038,3292,2937
69.9,3044,3103,3039,3292,2937
70,3045,3105,3039,3294,2938
70.1,3045,3105,3038,3293,2938
70.2,3042,3101,3035,3290,2934
70.3,3045,3105,3039,3292,2938
70.4,3046,3105,3039,3294,2938
70.5,3045,3103,3039,3293,2937
70.6,3045,3105,3038,3292,2937
70.7,3042,3101,3034,3289,2935
70.8,3045,3105,3038,3293,2938
70.9,3041,3100,3035,3288,2933
71,3046,3105,3039,3293,2938
71.1,3044,3103,3038,3292,2936
71.2,3045,3105,3038,3294,2936
71.3,3045,3106,3039,3293,2938
71.4,3047,3107,3041,3294,2940
71.5,3045,3105,3039,3292,2936
71.6,3045,3105,3040,3293,2938
71.7,3046,3105,3040,3294,2939
71.8,3044,3104,3038,3291,2936
71.9,3045,3105,3039,3293,2938
72,3046,3106,3039,3293,2938
72.1,3045,3103,3038,3291,2936
72.2,3045,3105,3039,3293,2937
72.3,3046,3107,3039,3294,2939
72.4,3045,3105,3038,3294,2937
72.5,3045,3105,3039,3292,2937
72.6,3044,3103,3038,3291,2937
72.7,3044,3104,3039,3292,2937
72.8,3044,3104,3038,3292,2937
72.9,3045,3106,3040,3293,2939
73,3044,3105,3038,3293,2938
73.1,3041,3100,3036,3289,2934
73.2,3044,3104,3038,3292,2937
73.3,3043,3103,3038,3292,2937
73.4,3044,3104,3038,3291,2936
73.5,3041,3100,3036,3289,2934
73.6,3045,3106,3039,3293,2937
73.7,3044,3104,3038,3292,2936
73.8,3044,3106,3039,3292,2937
73.9,3046,3104,3039,3292,2938
74,3044,3104,3038,3292,2935
74.1,3044,3104,3038,3293,2937
74.2,3045,3106,3039,3293,2938
74.3,3045,3105,3039,3293,2937
74.4,3044,3105,3039,3292,2936
74.5,3045,3105,3040,3294,2938
74.6,3045,3105,3039,3292,2937
74.7,3043,3103,3038,3292,2935
74.8,3044,3105,3040,3293,2937
74.9,3044,3106,3039,3293,2937
75,3042,3101,3036,3290,2934
75.1,3044,3104,3038,3292,2936
75.2,3045,3104,3040,3293,2938
75.3,3044,3104,3039,3292,2937
75.4,3045,3105,3040,3292,2937
75.5,3040,3100,3036,3288,2933
75.6,3044,3104,3039,3292,2936
75.7,3044,3105,3039,3292,2936
75.8,3045,3105,3040,3292,2938
75.9,3044,3106,3039,3292,2936
76,3046,3105,3040,3294,2938
76.1,3044,3105,3039,3293,2938
76.2,3040,3100,3035,3288,2933
76.3,3043,3104,3037,3292,2936
76.4,3045,3105,3039,3293,2938
76.5,3044,3105,3039,3292,2937
76.6,3044,3104,3038,3292,2935
76.7,3045,3105,3040,3293,2937
76.8,3044,3105,3039,3292,2937
76.9,3043,3104,3039,3292,2936
77,3041,3102,3036,3290,2934
77.1,3044,3105,3040,3293,2938
77.2,3041,3102,3035,3289,2934
77.3,3046,3106,3041,3295,2939
77.4,3045,3106,3040,3293,2939
77.5,3040,3100,3036,3289,2933
77.6,3044,3105,3038,3292,2936
77.7,3045,3105,3040,3293,2938
77.8,3043,3105,3038,3292,2935
77.9,3043,3105,3039,3292,2936
78,3045,3105,3040,3294,2937
78.1,3045,3106,3040,3294,2937
78.2,3043,3104,3039,3292,2936
78.3,3044,3105,3038,3292,2937
78.4,3044,3105,3040,3293,2938
78.5,3044,3104,3038,3291,2934
78.6,3045,3104,3040,3293,2938
78.7,3043,3106,3039,3292,2937
78.8,3039,3101,3036,3288,2933
78.9,3043,3104,3039,3292,2937
79,3045,3105,3039,3293,2938
79.1,3044,3104,3039,3291,2936
79.2,3044,3104,3039,3292,2937
79.3,3044,3105,3040,3293,2937
79.4,3043,3105,3040,3293,2937
79.5,3043,3105,3038,3292,2936
79.6,3044,3105,3039,3293,2937
79.7,3042,3103,3038,3291,2936
79.8,3042,3104,3038,3290,2935
79.9,3041,3102,3036,3289,2935
80,3043,3105,3039,3291,2937
80.1,3039,3099,3035,3287,2931
80.2,3044,3105,3039,3293,2937
80.3,3043,3105,3039,3292,2937
80.4,3043,3104,3039,3292,2935
80.5,3044,3106,3039,3292,2937
80.6,3044,3107,3039,3292,2939
80.7,3046,3106,3040,3294,2937
80.8,3042,3104,3037,3290,2935
80.9,3042,3103,3037,3291,2936
81,3045,3105,3040,3292,2937
81.1,3043,3105,3038,3293,2936
81.2,3043,3105,3040,3294,2938
81.3,3044,3105,3040,3292,2937
81.4,3043,3105,3039,3291,2936
81.5,3044,3106,3040,3293,2938
81.6,3044,3105,3040,3292,2937
81.7,3043,3105,3039,3292,2936
81.8,3045,3105,3040,3292,2937
81.9,3039,3101,3035,3288,2933
82,3042,3104,3039,3291,2936
82.1,3040,3102,3037,3290,2935
82.2,3044,3104,3039,3292,2937
82.3,3044,3105,3040,3293,2937
82.4,3043,3104,3039,3292,2937
82.5,3043,3105,3040,3292,2938
82.6,3043,3102,3038,3291,2935
82.7,3043,3103,3038,3291,2936
82.8,3044,3105,3040,3292,2938
82.9,3041,3102,3037,3291,2934
83,3042,3103,3038,3291,2935
83.1,3043,3105,3038,3292,2937
83.2,3044,3105,3040,3293,2937
83.3,3042,3103,3038,3291,2935
83.4,3043,3105,3040,3294,2937
83.5,3043,3105,3039,3292,2937
83.6,3042,3104,3038,3291,2936
83.7,3042,3105,3039,3292,2936
83.8,3043,3104,3039,3292,2938
83.9,3042,3104,3038,3292,2937
84,3043,3105,3039,3292,2936
84.1,3041,3103,3037,3291,2936
84.2,3042,3104,3038,3291,2936
84.3,3042,3104,3038,3291,2936
84.4,3043,3104,3039,3293,2938
84.5,3042,3103,3038,3291,2937
84.6,3042,3104,3039,3291,2935
84.7,3043,3106,3040,3293,2938
84.8,3042,3104,3039,3292,2936
84.9,3042,3104,3038,3291,2935
85,3041,3103,3038,3290,2936
85.1,3042,3104,3040,3292,2937
85.2,3040,3103,3037,3290,2935
85.3,3038,3100,3035,3287,2932
85.4,3042,3104,3038,3292,2936
85.5,3042,3103,3038,3291,2935
85.6,3041,3102,3038,3290,2935
85.7,3043,3104,3039,3292,2938
85.8,3041,3103,3038,3291,2935
85.9,3042,3105,3039,3291,2936
86,3042,3105,3040,3292,2938
86.1,3038,3099,3035,3287,2933
86.2,3042,3104,3039,3291,2936
86.3,3043,3106,3040,3293,2938
86.4,3041,3104,3038,3291,2936
86.5,3042,3103,3038,3290,2934
86.6,3042,3103,3039,3291,2936
86.7,3042,3104,3039,3291,2936
86.8,3040,3102,3038,3289,2934
86.9,3042,3104,3039,3292,2937
87,3039,3101,3036,3288,2933
87.1,3041,3103,3038,3291,2935
87.2,3043,3104,3040,3292,2937
87.3,3043,3104,3040,3292,2936
87.4,3043,3105,3040,3291,2936
87.5,3043,3105,3039,3292,2936
87.6,3042,3104,3038,3291,2937
87.7,3041,3103,3038,3292,2935
87.8,3043,3104,3039,3292,2936
87.9,3042,3104,3040,3293,2937
88,3042,3103,3039,3292,2936
88.1,3043,3104,3038,3292,2935
88.2,3042,3103,3040,3291,2936
88.3,3041,3105,3038,3291,2936
88.4,3042,3105,3039,3292,2936
88.5,3042,3105,3040,3291,2937
88.6,3043,3106,3040,3293,2937
88.7,3041,3104,3038,3292,2935
88.8,3042,3105,3039,3292,2937
88.9,3044,3105,3039,3292,2936
89,3040,3102,3037,3289,2934
89.1,3041,3104,3039,3292,2936
89.2,3043,3104,3039,3292,2937
89.3,3042,3104,3039,3292,2936
89.4,3042,3105,3039,3292,2935
89.5,3042,3105,3039,3292,2936
89.6,3041,3104,3039,3291,2936
89.7,3039,3059,3022,3289,2936
89.8,3039,3040,3019,3291,2942
89.9,3035,3030,3016,3288,2945